epoch,Acivation,Batch_size,Comp_time,Cum_comp_time,Dropout_rate,Objective,Optimizer,_Dataset_name,_Model_id,_Model_setup,acc,loss,val_acc,val_loss
0,relu,64,34.42254137992859,34.42254137992859,0.0,sparse_categorical_crossentropy,Adam,MNIST,000000,CNN,0.95765,0.13812237607787053,0.9765,0.07011379766240716
1,relu,64,30.068888187408447,64.49142956733704,0.0,sparse_categorical_crossentropy,Adam,MNIST,000000,CNN,0.9835833333333334,0.054327181262274586,0.9766,0.07180032256543636
2,relu,64,30.058467149734497,94.54989671707153,0.0,sparse_categorical_crossentropy,Adam,MNIST,000000,CNN,0.9890833333333333,0.03341231417376548,0.9824,0.057914032000210135
3,relu,64,29.92978048324585,124.47967720031738,0.0,sparse_categorical_crossentropy,Adam,MNIST,000000,CNN,0.9928,0.021670136227443192,0.982,0.06758341864831746
4,relu,64,29.85349178314209,154.33316898345947,0.0,sparse_categorical_crossentropy,Adam,MNIST,000000,CNN,0.9955166666666667,0.014309827916952782,0.982,0.06737084100490319
5,relu,64,29.831135034561157,184.16430401802063,0.0,sparse_categorical_crossentropy,Adam,MNIST,000000,CNN,0.9960833333333333,0.011116394681365152,0.9798,0.08050696370074875
6,relu,64,29.795555591583252,213.95985960960388,0.0,sparse_categorical_crossentropy,Adam,MNIST,000000,CNN,0.9971833333333333,0.008334286736486441,0.9823,0.08734180546658463
7,relu,64,29.822620391845703,243.78248000144958,0.0,sparse_categorical_crossentropy,Adam,MNIST,000000,CNN,0.9972833333333333,0.007955283708435793,0.9811,0.08433379638472252
8,relu,64,29.79827117919922,273.5807511806488,0.0,sparse_categorical_crossentropy,Adam,MNIST,000000,CNN,0.9976666666666667,0.006339449882864332,0.9798,0.104034735366717
9,relu,64,29.653815507888794,303.2345666885376,0.0,sparse_categorical_crossentropy,Adam,MNIST,000000,CNN,0.9989333333333333,0.0036992977864152635,0.9823,0.08836356157842237
0,relu,64,41.512122631073,41.512122631073,0.3,sparse_categorical_crossentropy,Adam,MNIST,000001,CNN,0.9619166666666666,0.12632035997683802,0.9808,0.05799801700375974
1,relu,64,40.998074531555176,82.51019716262817,0.3,sparse_categorical_crossentropy,Adam,MNIST,000001,CNN,0.9860833333333333,0.046370769147078196,0.9833,0.057501706195622684
2,relu,64,40.92166996002197,123.43186712265015,0.3,sparse_categorical_crossentropy,Adam,MNIST,000001,CNN,0.9915666666666667,0.02907432000624637,0.9833,0.05877723564184271
3,relu,64,40.903960943222046,164.3358280658722,0.3,sparse_categorical_crossentropy,Adam,MNIST,000001,CNN,0.994,0.0199137861409535,0.9812,0.0625027257678099
4,relu,64,40.9376106262207,205.2734386920929,0.3,sparse_categorical_crossentropy,Adam,MNIST,000001,CNN,0.9956166666666667,0.0144181249949305,0.982,0.0630410871565342
5,relu,64,40.84609937667847,246.11953806877136,0.3,sparse_categorical_crossentropy,Adam,MNIST,000001,CNN,0.99695,0.010912109782981376,0.9816,0.07398591099351179
6,relu,64,40.80429720878601,286.9238352775574,0.3,sparse_categorical_crossentropy,Adam,MNIST,000001,CNN,0.9973166666666666,0.008410844673899312,0.9832,0.07122557422954415
7,relu,64,40.83877205848694,327.7626073360443,0.3,sparse_categorical_crossentropy,Adam,MNIST,000001,CNN,0.9978,0.007340531059358424,0.9813,0.08263238101767492
8,relu,64,40.88991332054138,368.6525206565857,0.3,sparse_categorical_crossentropy,Adam,MNIST,000001,CNN,0.9978666666666667,0.006645260519533379,0.9818,0.08874375230857404
9,relu,64,41.04648470878601,409.6990053653717,0.3,sparse_categorical_crossentropy,Adam,MNIST,000001,CNN,0.9986166666666667,0.004858186239184336,0.9836,0.08600249064124328
0,relu,64,41.70066547393799,41.70066547393799,0.5,sparse_categorical_crossentropy,Adam,MNIST,000002,CNN,0.9620333333333333,0.1260116047002375,0.9799,0.06248917112490162
1,relu,64,41.21805262565613,82.91871809959412,0.5,sparse_categorical_crossentropy,Adam,MNIST,000002,CNN,0.9846333333333334,0.051472335791339474,0.9817,0.05596983554703183
2,relu,64,41.19166398048401,124.11038208007812,0.5,sparse_categorical_crossentropy,Adam,MNIST,000002,CNN,0.9886,0.03684985307753086,0.984,0.055467301760613916
3,relu,64,41.11819791793823,165.22857999801636,0.5,sparse_categorical_crossentropy,Adam,MNIST,000002,CNN,0.9919,0.026469564350290846,0.9813,0.06088362867422402
4,relu,64,40.84554839134216,206.07412838935852,0.5,sparse_categorical_crossentropy,Adam,MNIST,000002,CNN,0.9930166666666667,0.021613900596648455,0.9829,0.062017437040898946
5,relu,64,41.105085134506226,247.17921352386475,0.5,sparse_categorical_crossentropy,Adam,MNIST,000002,CNN,0.9943666666666666,0.017184051632943252,0.9817,0.06422008412964642
6,relu,64,41.03457808494568,288.2137916088104,0.5,sparse_categorical_crossentropy,Adam,MNIST,000002,CNN,0.9952833333333333,0.013927661554243726,0.983,0.07253613982880489
7,relu,64,42.04753065109253,330.26132225990295,0.5,sparse_categorical_crossentropy,Adam,MNIST,000002,CNN,0.9956,0.012779862586704743,0.983,0.07025667066980969
8,relu,64,41.52795767784119,371.78927993774414,0.5,sparse_categorical_crossentropy,Adam,MNIST,000002,CNN,0.9960666666666667,0.011247293015631536,0.9821,0.07188480405090959
9,relu,64,41.49911594390869,413.28839588165283,0.5,sparse_categorical_crossentropy,Adam,MNIST,000002,CNN,0.9973,0.008472059570763182,0.9815,0.07955752282873728
0,relu,64,42.262433767318726,42.262433767318726,0.7,sparse_categorical_crossentropy,Adam,MNIST,000003,CNN,0.9565333333333333,0.14610959286441405,0.9786,0.06675177740082144
1,relu,64,41.53329682350159,83.79573059082031,0.7,sparse_categorical_crossentropy,Adam,MNIST,000003,CNN,0.9789333333333333,0.06782576474770903,0.98,0.06350332915838808
2,relu,64,41.671701192855835,125.46743178367615,0.7,sparse_categorical_crossentropy,Adam,MNIST,000003,CNN,0.98265,0.05417823610802491,0.9822,0.05660797437392175
3,relu,64,41.452950954437256,166.9203827381134,0.7,sparse_categorical_crossentropy,Adam,MNIST,000003,CNN,0.98515,0.0448731412983189,0.9821,0.055892224896512924
4,relu,64,41.39832663536072,208.31870937347412,0.7,sparse_categorical_crossentropy,Adam,MNIST,000003,CNN,0.9883333333333333,0.0365796969798704,0.9816,0.06234030772289261
5,relu,64,41.552316665649414,249.87102603912354,0.7,sparse_categorical_crossentropy,Adam,MNIST,000003,CNN,0.9895333333333334,0.03317600500785435,0.9845,0.05440169687676243
6,relu,64,41.47221350669861,291.34323954582214,0.7,sparse_categorical_crossentropy,Adam,MNIST,000003,CNN,0.9898,0.03130690532233566,0.9834,0.05645871156498324
7,relu,64,41.32054328918457,332.6637828350067,0.7,sparse_categorical_crossentropy,Adam,MNIST,000003,CNN,0.99085,0.027919582146809747,0.9825,0.062348681438926724
8,relu,64,40.90907430648804,373.57285714149475,0.7,sparse_categorical_crossentropy,Adam,MNIST,000003,CNN,0.9916333333333334,0.024844063952177142,0.982,0.06454185536677251
9,relu,64,40.71928668022156,414.2921438217163,0.7,sparse_categorical_crossentropy,Adam,MNIST,000003,CNN,0.99245,0.022233794642907256,0.9837,0.06357255911229877
0,relu,64,41.48335385322571,41.48335385322571,0.9,sparse_categorical_crossentropy,Adam,MNIST,000004,CNN,0.9297,0.22709641472498576,0.973,0.08892593202851713
1,relu,64,41.03318667411804,82.51654052734375,0.9,sparse_categorical_crossentropy,Adam,MNIST,000004,CNN,0.9601,0.1291901343435049,0.9772,0.0758921027995646
2,relu,64,41.070777893066406,123.58731842041016,0.9,sparse_categorical_crossentropy,Adam,MNIST,000004,CNN,0.9666,0.10918068361083666,0.9787,0.06777362766796723
3,relu,64,41.02822732925415,164.6155457496643,0.9,sparse_categorical_crossentropy,Adam,MNIST,000004,CNN,0.9701,0.09536663176963726,0.9799,0.06223572765402496
4,relu,64,40.82595229148865,205.44149804115295,0.9,sparse_categorical_crossentropy,Adam,MNIST,000004,CNN,0.9711,0.09308848569939533,0.9788,0.06679720665700734
5,relu,64,41.04213809967041,246.48363614082336,0.9,sparse_categorical_crossentropy,Adam,MNIST,000004,CNN,0.9729333333333333,0.08605498785177866,0.9813,0.057778257631883025
6,relu,64,41.00558114051819,287.48921728134155,0.9,sparse_categorical_crossentropy,Adam,MNIST,000004,CNN,0.97425,0.08039947582582632,0.9821,0.05640554161220789
7,relu,64,42.232200145721436,329.721417427063,0.9,sparse_categorical_crossentropy,Adam,MNIST,000004,CNN,0.976,0.07651157994866371,0.9831,0.05508792310920544
8,relu,64,41.16012668609619,370.8815441131592,0.9,sparse_categorical_crossentropy,Adam,MNIST,000004,CNN,0.97695,0.07218330083961289,0.983,0.05218009681263939
9,relu,64,41.50093102455139,412.38247513771057,0.9,sparse_categorical_crossentropy,Adam,MNIST,000004,CNN,0.9771666666666666,0.07231471110979716,0.9833,0.0529878103423398
0,sigmoid,64,30.8097243309021,30.8097243309021,0.0,sparse_categorical_crossentropy,Adam,MNIST,000005,CNN,0.09861666666666667,14.508127974446614,0.0958,14.573981672668458
1,sigmoid,64,32.10245752334595,62.91218185424805,0.0,sparse_categorical_crossentropy,Adam,MNIST,000005,CNN,0.09863333333333334,14.528313762410482,0.0958,14.573981672668458
2,sigmoid,64,30.33928608894348,93.25146794319153,0.0,sparse_categorical_crossentropy,Adam,MNIST,000005,CNN,0.09863333333333334,14.528313745625814,0.0958,14.573981672668458
3,sigmoid,64,30.36200976371765,123.61347770690918,0.0,sparse_categorical_crossentropy,Adam,MNIST,000005,CNN,0.09863333333333334,14.528313752237956,0.0958,14.573981672668458
4,sigmoid,64,30.14126706123352,153.7547447681427,0.0,sparse_categorical_crossentropy,Adam,MNIST,000005,CNN,0.09863333333333334,14.52831372833252,0.0958,14.573981672668458
5,sigmoid,64,30.120051383972168,183.87479615211487,0.0,sparse_categorical_crossentropy,Adam,MNIST,000005,CNN,0.09863333333333334,14.528313719177246,0.0958,14.573981672668458
6,sigmoid,64,30.033974170684814,213.90877032279968,0.0,sparse_categorical_crossentropy,Adam,MNIST,000005,CNN,0.09863333333333334,14.52831373087565,0.0958,14.573981672668458
7,sigmoid,64,30.21791911125183,244.1266894340515,0.0,sparse_categorical_crossentropy,Adam,MNIST,000005,CNN,0.09863333333333334,14.528313737487792,0.0958,14.573981672668458
8,sigmoid,64,30.311970233917236,274.43865966796875,0.0,sparse_categorical_crossentropy,Adam,MNIST,000005,CNN,0.09863333333333334,14.528313747660318,0.0958,14.573981672668458
9,sigmoid,64,30.292821407318115,304.73148107528687,0.0,sparse_categorical_crossentropy,Adam,MNIST,000005,CNN,0.09863333333333334,14.528313759358724,0.0958,14.573981672668458
0,elu,64,31.90299940109253,31.90299940109253,0.0,sparse_categorical_crossentropy,Adam,MNIST,000006,CNN,0.8827666666666667,0.711294416364034,0.9201,0.3118525473892689
1,elu,64,31.21036148071289,63.11336088180542,0.0,sparse_categorical_crossentropy,Adam,MNIST,000006,CNN,0.9133,0.319982828895251,0.9151,0.32620943957567217
2,elu,64,31.10085678100586,94.21421766281128,0.0,sparse_categorical_crossentropy,Adam,MNIST,000006,CNN,0.91725,0.30366692065795264,0.9014,0.32738791477680207
3,elu,64,31.280144214630127,125.4943618774414,0.0,sparse_categorical_crossentropy,Adam,MNIST,000006,CNN,0.9157666666666666,0.3040002503236135,0.9226,0.29408300539255144
4,elu,64,31.154022455215454,156.64838433265686,0.0,sparse_categorical_crossentropy,Adam,MNIST,000006,CNN,0.9173,0.30037936251163483,0.9173,0.33402149057984354
5,elu,64,31.16328001022339,187.81166434288025,0.0,sparse_categorical_crossentropy,Adam,MNIST,000006,CNN,0.9167166666666666,0.2978201872587204,0.9179,0.3180875512242317
6,elu,64,31.135106563568115,218.94677090644836,0.0,sparse_categorical_crossentropy,Adam,MNIST,000006,CNN,0.91885,0.2961423496802648,0.92,0.3121025268793106
7,elu,64,31.15175724029541,250.09852814674377,0.0,sparse_categorical_crossentropy,Adam,MNIST,000006,CNN,0.92195,0.2820494362950325,0.9103,0.3488453653752804
8,elu,64,31.296935319900513,281.3954634666443,0.0,sparse_categorical_crossentropy,Adam,MNIST,000006,CNN,0.9218333333333333,0.2813773646871249,0.9235,0.29571462811231614
9,elu,64,31.23486351966858,312.63032698631287,0.0,sparse_categorical_crossentropy,Adam,MNIST,000006,CNN,0.9249833333333334,0.27328235917488736,0.9192,0.29926164352297785
0,tanh,64,31.14728355407715,31.14728355407715,0.0,sparse_categorical_crossentropy,Adam,MNIST,000007,CNN,0.8894166666666666,0.46901133264700573,0.9183,0.3064097660601139
1,tanh,64,30.345933198928833,61.49321675300598,0.0,sparse_categorical_crossentropy,Adam,MNIST,000007,CNN,0.9140666666666667,0.3118348847667376,0.9155,0.3186535615682602
2,tanh,64,30.36453938484192,91.8577561378479,0.0,sparse_categorical_crossentropy,Adam,MNIST,000007,CNN,0.91575,0.30456466942628224,0.9101,0.34257178968787194
3,tanh,64,30.05106472969055,121.90882086753845,0.0,sparse_categorical_crossentropy,Adam,MNIST,000007,CNN,0.9156666666666666,0.30506107944250105,0.9079,0.3181979636669159
4,tanh,64,30.1205997467041,152.02942061424255,0.0,sparse_categorical_crossentropy,Adam,MNIST,000007,CNN,0.91745,0.2958326342542966,0.9197,0.2909037783205509
5,tanh,64,30.017717123031616,182.04713773727417,0.0,sparse_categorical_crossentropy,Adam,MNIST,000007,CNN,0.91815,0.29025853666067125,0.9176,0.30406686047911646
6,tanh,64,29.941200494766235,211.9883382320404,0.0,sparse_categorical_crossentropy,Adam,MNIST,000007,CNN,0.9213333333333333,0.2816237594246864,0.9185,0.2983151435434818
7,tanh,64,30.014714002609253,242.00305223464966,0.0,sparse_categorical_crossentropy,Adam,MNIST,000007,CNN,0.925,0.26958893285393715,0.9212,0.2938334950506687
8,tanh,64,30.04762578010559,272.05067801475525,0.0,sparse_categorical_crossentropy,Adam,MNIST,000007,CNN,0.9276333333333333,0.25841268492937086,0.9174,0.3129398128777742
9,tanh,64,30.12261962890625,302.1732976436615,0.0,sparse_categorical_crossentropy,Adam,MNIST,000007,CNN,0.9303333333333333,0.25193186558882397,0.926,0.29195907894968987
0,selu,64,48.33970284461975,48.33970284461975,0.0,sparse_categorical_crossentropy,Adam,MNIST,000008,CNN,0.8723666666666666,1.5081788928866378,0.9171,0.5119361000061036
1,selu,64,49.93600845336914,98.27571129798889,0.0,sparse_categorical_crossentropy,Adam,MNIST,000008,CNN,0.9168166666666666,0.3380954893708229,0.9234,0.26158261643648145
2,selu,64,48.20929002761841,146.4850013256073,0.0,sparse_categorical_crossentropy,Adam,MNIST,000008,CNN,0.9301166666666667,0.26455905999541285,0.9312,0.2789819332510233
3,selu,64,48.380409717559814,194.86541104316711,0.0,sparse_categorical_crossentropy,Adam,MNIST,000008,CNN,0.9367,0.2370662294626236,0.9447,0.21206559128686786
4,selu,64,48.08151578903198,242.9469268321991,0.0,sparse_categorical_crossentropy,Adam,MNIST,000008,CNN,0.9397333333333333,0.2290403879334529,0.9386,0.2786087187334895
5,selu,64,48.06802153587341,291.0149483680725,0.0,sparse_categorical_crossentropy,Adam,MNIST,000008,CNN,0.9411666666666667,0.22187877180551488,0.9383,0.2316584872290492
6,selu,64,49.97421431541443,340.98916268348694,0.0,sparse_categorical_crossentropy,Adam,MNIST,000008,CNN,0.9453333333333334,0.21737704425056775,0.9294,0.2633817929029465
7,selu,64,48.620200395584106,389.60936307907104,0.0,sparse_categorical_crossentropy,Adam,MNIST,000008,CNN,0.9477166666666667,0.20123498973846435,0.9496,0.20922929189559072
8,selu,64,48.33764696121216,437.9470100402832,0.0,sparse_categorical_crossentropy,Adam,MNIST,000008,CNN,0.9508,0.19300436351348957,0.9249,0.3069652409031987
9,selu,64,48.48770475387573,486.43471479415894,0.0,sparse_categorical_crossentropy,Adam,MNIST,000008,CNN,0.95275,0.18581861392334104,0.9538,0.2099033745609224
0,hard_sigmoid,64,48.10694217681885,48.10694217681885,0.0,sparse_categorical_crossentropy,Adam,MNIST,000009,CNN,0.09881666666666666,14.504402901713053,0.098,14.538523751831054
1,hard_sigmoid,64,47.25744271278381,95.36438488960266,0.0,sparse_categorical_crossentropy,Adam,MNIST,000009,CNN,0.09871666666666666,14.526972471110026,0.098,14.538523751831054
2,hard_sigmoid,64,47.03087139129639,142.39525628089905,0.0,sparse_categorical_crossentropy,Adam,MNIST,000009,CNN,0.09871666666666666,14.526972472127278,0.098,14.538523751831054
3,hard_sigmoid,64,47.02270030975342,189.41795659065247,0.0,sparse_categorical_crossentropy,Adam,MNIST,000009,CNN,0.09871666666666666,14.526972453816732,0.098,14.538523751831054
4,hard_sigmoid,64,46.94390892982483,236.3618655204773,0.0,sparse_categorical_crossentropy,Adam,MNIST,000009,CNN,0.09871666666666666,14.526972508239746,0.098,14.538523751831054
5,hard_sigmoid,64,47.08281683921814,283.44468235969543,0.0,sparse_categorical_crossentropy,Adam,MNIST,000009,CNN,0.09871666666666666,14.526972474161784,0.098,14.538523751831054
6,hard_sigmoid,64,47.21273708343506,330.6574194431305,0.0,sparse_categorical_crossentropy,Adam,MNIST,000009,CNN,0.09871666666666666,14.526972473653158,0.098,14.538523751831054
7,hard_sigmoid,64,47.025527000427246,377.68294644355774,0.0,sparse_categorical_crossentropy,Adam,MNIST,000009,CNN,0.09871666666666666,14.52697249247233,0.098,14.538523751831054
8,hard_sigmoid,64,47.196850061416626,424.87979650497437,0.0,sparse_categorical_crossentropy,Adam,MNIST,000009,CNN,0.09871666666666666,14.526972476704916,0.098,14.538523751831054
9,hard_sigmoid,64,46.99719524383545,471.8769917488098,0.0,sparse_categorical_crossentropy,Adam,MNIST,000009,CNN,0.09871666666666666,14.52697246907552,0.098,14.538523751831054
0,linear,64,28.08777117729187,28.08777117729187,0.0,sparse_categorical_crossentropy,Adam,MNIST,000010,CNN,0.88735,0.5626764096498489,0.9115,0.3020719396471977
1,linear,64,27.25575065612793,55.3435218334198,0.0,sparse_categorical_crossentropy,Adam,MNIST,000010,CNN,0.91375,0.31224378748734793,0.9188,0.30836374393701554
2,linear,64,26.84155035018921,82.18507218360901,0.0,sparse_categorical_crossentropy,Adam,MNIST,000010,CNN,0.91525,0.30622421865463256,0.9073,0.32421297592520715
3,linear,64,26.850101947784424,109.03517413139343,0.0,sparse_categorical_crossentropy,Adam,MNIST,000010,CNN,0.91595,0.3016708292722702,0.8933,0.39689246267676354
4,linear,64,26.834521532058716,135.86969566345215,0.0,sparse_categorical_crossentropy,Adam,MNIST,000010,CNN,0.9161833333333333,0.30241513136227927,0.9152,0.3167776937842369
5,linear,64,30.563904523849487,166.43360018730164,0.0,sparse_categorical_crossentropy,Adam,MNIST,000010,CNN,0.9173666666666667,0.2969604666233063,0.9069,0.32361631027460097
6,linear,64,27.017526149749756,193.4511263370514,0.0,sparse_categorical_crossentropy,Adam,MNIST,000010,CNN,0.9170833333333334,0.2942587776899338,0.9143,0.3137781840860844
7,linear,64,27.313700199127197,220.7648265361786,0.0,sparse_categorical_crossentropy,Adam,MNIST,000010,CNN,0.9185666666666666,0.29084822824398676,0.9112,0.34122718352675435
8,linear,64,27.475409746170044,248.24023628234863,0.0,sparse_categorical_crossentropy,Adam,MNIST,000010,CNN,0.9196666666666666,0.29025423106749854,0.921,0.3349341014623642
9,linear,64,27.33662724494934,275.576863527298,0.0,sparse_categorical_crossentropy,Adam,MNIST,000010,CNN,0.9194,0.29015892586310704,0.9098,0.33752408460378647
0,relu,64,31.35251522064209,31.35251522064209,0.0,sparse_categorical_crossentropy,Adam_lr0.0001,MNIST,000011,CNN,0.91805,0.30616386464039486,0.9605,0.14355073250234127
1,relu,64,30.35189151763916,61.70440673828125,0.0,sparse_categorical_crossentropy,Adam_lr0.0001,MNIST,000011,CNN,0.9681166666666666,0.1145361385345459,0.976,0.08706965508460998
2,relu,64,30.528355598449707,92.23276233673096,0.0,sparse_categorical_crossentropy,Adam_lr0.0001,MNIST,000011,CNN,0.9793666666666667,0.07595701238662005,0.9781,0.07073281759880483
3,relu,64,30.528215408325195,122.76097774505615,0.0,sparse_categorical_crossentropy,Adam_lr0.0001,MNIST,000011,CNN,0.9836333333333334,0.059663024329642454,0.9824,0.0610032552216202
4,relu,64,30.473201751708984,153.23417949676514,0.0,sparse_categorical_crossentropy,Adam_lr0.0001,MNIST,000011,CNN,0.9863333333333333,0.049020622004568574,0.9806,0.06034511414337903
5,relu,64,30.314664840698242,183.54884433746338,0.0,sparse_categorical_crossentropy,Adam_lr0.0001,MNIST,000011,CNN,0.9883833333333333,0.04220836307704449,0.9815,0.05494853507094085
6,relu,64,30.4654541015625,214.01429843902588,0.0,sparse_categorical_crossentropy,Adam_lr0.0001,MNIST,000011,CNN,0.9904,0.03606979697681963,0.9825,0.0569965425286442
7,relu,64,30.413495540618896,244.42779397964478,0.0,sparse_categorical_crossentropy,Adam_lr0.0001,MNIST,000011,CNN,0.9914666666666667,0.031466630536938704,0.9823,0.056886950949393215
8,relu,64,30.299012899398804,274.7268068790436,0.0,sparse_categorical_crossentropy,Adam_lr0.0001,MNIST,000011,CNN,0.9925333333333334,0.02718734247274697,0.9823,0.05551316025829874
9,relu,64,33.53918170928955,308.26598858833313,0.0,sparse_categorical_crossentropy,Adam_lr0.0001,MNIST,000011,CNN,0.99365,0.023869733365376792,0.9822,0.057848763671843335
0,relu,64,31.733094692230225,31.733094692230225,0.0,sparse_categorical_crossentropy,Adam_lr0.01,MNIST,000012,CNN,0.9580166666666666,0.14618811283608277,0.9739,0.08250773219652474
1,relu,64,30.701666355133057,62.43476104736328,0.0,sparse_categorical_crossentropy,Adam_lr0.01,MNIST,000012,CNN,0.9805833333333334,0.06279195907165606,0.9762,0.07734702896866948
2,relu,64,30.513835191726685,92.94859623908997,0.0,sparse_categorical_crossentropy,Adam_lr0.01,MNIST,000012,CNN,0.9871833333333333,0.041623580216709526,0.9771,0.08532270166873931
3,relu,64,30.610044479370117,123.55864071846008,0.0,sparse_categorical_crossentropy,Adam_lr0.01,MNIST,000012,CNN,0.9903333333333333,0.03053502218433811,0.9777,0.09792267260913214
4,relu,64,30.374542236328125,153.9331829547882,0.0,sparse_categorical_crossentropy,Adam_lr0.01,MNIST,000012,CNN,0.9920166666666667,0.024941213148411287,0.9773,0.1037769970243462
5,relu,64,30.37203621864319,184.3052191734314,0.0,sparse_categorical_crossentropy,Adam_lr0.01,MNIST,000012,CNN,0.9929333333333333,0.021233683940658617,0.9763,0.13873515991542282
6,relu,64,30.195176362991333,214.50039553642273,0.0,sparse_categorical_crossentropy,Adam_lr0.01,MNIST,000012,CNN,0.9948833333333333,0.016031591100123477,0.9758,0.1331694391712306
7,relu,64,30.34705877304077,244.8474543094635,0.0,sparse_categorical_crossentropy,Adam_lr0.01,MNIST,000012,CNN,0.9946166666666667,0.016645403321084693,0.9756,0.17601958426430703
8,relu,64,30.29647397994995,275.14392828941345,0.0,sparse_categorical_crossentropy,Adam_lr0.01,MNIST,000012,CNN,0.9944666666666667,0.01784789810458363,0.9737,0.15999855060700358
9,relu,64,30.41931128501892,305.5632395744324,0.0,sparse_categorical_crossentropy,Adam_lr0.01,MNIST,000012,CNN,0.9961166666666667,0.013868833959827801,0.977,0.16320437865164641
0,relu,64,31.56826615333557,31.56826615333557,0.0,sparse_categorical_crossentropy,Adam_lr0.1,MNIST,000013,CNN,0.09873333333333334,14.512894260660808,0.0958,14.573981672668458
1,relu,64,30.446818828582764,62.015084981918335,0.0,sparse_categorical_crossentropy,Adam_lr0.1,MNIST,000013,CNN,0.09863333333333334,14.528313719685872,0.0958,14.573981672668458
2,relu,64,30.513203144073486,92.52828812599182,0.0,sparse_categorical_crossentropy,Adam_lr0.1,MNIST,000013,CNN,0.09863333333333334,14.52831374206543,0.0958,14.573981672668458
3,relu,64,30.492929220199585,123.0212173461914,0.0,sparse_categorical_crossentropy,Adam_lr0.1,MNIST,000013,CNN,0.09863333333333334,14.528313742574056,0.0958,14.573981672668458
4,relu,64,30.319562196731567,153.34077954292297,0.0,sparse_categorical_crossentropy,Adam_lr0.1,MNIST,000013,CNN,0.09863333333333334,14.528313760375976,0.0958,14.573981672668458
5,relu,64,30.32238268852234,183.6631622314453,0.0,sparse_categorical_crossentropy,Adam_lr0.1,MNIST,000013,CNN,0.09863333333333334,14.528313759358724,0.0958,14.573981672668458
6,relu,64,30.352649211883545,214.01581144332886,0.0,sparse_categorical_crossentropy,Adam_lr0.1,MNIST,000013,CNN,0.09863333333333334,14.52831375172933,0.0958,14.573981672668458
7,relu,64,30.345888376235962,244.36169981956482,0.0,sparse_categorical_crossentropy,Adam_lr0.1,MNIST,000013,CNN,0.09863333333333334,14.528313755289714,0.0958,14.573981672668458
8,relu,64,30.325539588928223,274.68723940849304,0.0,sparse_categorical_crossentropy,Adam_lr0.1,MNIST,000013,CNN,0.09863333333333334,14.52831374613444,0.0958,14.573981672668458
9,relu,64,33.29965806007385,307.9868974685669,0.0,sparse_categorical_crossentropy,Adam_lr0.1,MNIST,000013,CNN,0.09863333333333334,14.52831372680664,0.0958,14.573981672668458
0,relu,64,29.17207384109497,29.17207384109497,0.0,sparse_categorical_crossentropy,SGD,MNIST,000014,CNN,0.86865,0.5264519905408224,0.9118,0.3162689331173897
1,relu,64,28.044210195541382,57.21628403663635,0.0,sparse_categorical_crossentropy,SGD,MNIST,000014,CNN,0.9097333333333333,0.3193067834933599,0.9191,0.2909834213256836
2,relu,64,27.791819095611572,85.00810313224792,0.0,sparse_categorical_crossentropy,SGD,MNIST,000014,CNN,0.9154166666666667,0.29838073603312176,0.9146,0.29813926882743835
3,relu,64,27.809924364089966,112.81802749633789,0.0,sparse_categorical_crossentropy,SGD,MNIST,000014,CNN,0.9184666666666667,0.28717709086736043,0.9214,0.2808479749917984
4,relu,64,27.799835681915283,140.61786317825317,0.0,sparse_categorical_crossentropy,SGD,MNIST,000014,CNN,0.9224666666666667,0.2761900675137838,0.9199,0.27684955051541327
5,relu,64,27.945743322372437,168.5636065006256,0.0,sparse_categorical_crossentropy,SGD,MNIST,000014,CNN,0.9254166666666667,0.2661571155667305,0.927,0.2637806119561195
6,relu,64,27.922946214675903,196.4865527153015,0.0,sparse_categorical_crossentropy,SGD,MNIST,000014,CNN,0.9291,0.2531643471399943,0.933,0.2413631546974182
7,relu,64,27.909271001815796,224.3958237171173,0.0,sparse_categorical_crossentropy,SGD,MNIST,000014,CNN,0.9327833333333333,0.23937940375010172,0.9359,0.22715352912545203
8,relu,64,27.917263984680176,252.31308770179749,0.0,sparse_categorical_crossentropy,SGD,MNIST,000014,CNN,0.9380166666666667,0.22478839363654454,0.9404,0.21072409570217132
9,relu,64,28.065099477767944,280.37818717956543,0.0,sparse_categorical_crossentropy,SGD,MNIST,000014,CNN,0.9427166666666666,0.20779760356346766,0.9466,0.19981833745241165
0,relu,64,28.861624479293823,28.861624479293823,0.0,sparse_categorical_crossentropy,SGD_momentum_0.5,MNIST,000015,CNN,0.8817666666666667,0.43975964064598083,0.9151,0.2987141083717346
1,relu,64,27.979140043258667,56.84076452255249,0.0,sparse_categorical_crossentropy,SGD_momentum_0.5,MNIST,000015,CNN,0.9123833333333333,0.30450007435083387,0.9224,0.27692250089645387
2,relu,64,28.026326894760132,84.86709141731262,0.0,sparse_categorical_crossentropy,SGD_momentum_0.5,MNIST,000015,CNN,0.9191666666666667,0.28132749411265057,0.9248,0.26528645419478414
3,relu,64,28.02328062057495,112.89037203788757,0.0,sparse_categorical_crossentropy,SGD_momentum_0.5,MNIST,000015,CNN,0.9277833333333333,0.25546345415115357,0.9316,0.23888335335254668
4,relu,64,28.02058982849121,140.91096186637878,0.0,sparse_categorical_crossentropy,SGD_momentum_0.5,MNIST,000015,CNN,0.9378666666666666,0.22390352866252264,0.9447,0.1964780350327492
5,relu,64,27.914249658584595,168.82521152496338,0.0,sparse_categorical_crossentropy,SGD_momentum_0.5,MNIST,000015,CNN,0.9483666666666667,0.1880829012652238,0.954,0.16870382812619208
6,relu,64,28.027283191680908,196.8524947166443,0.0,sparse_categorical_crossentropy,SGD_momentum_0.5,MNIST,000015,CNN,0.9572833333333334,0.15762057001193364,0.9608,0.14639603495001793
7,relu,64,28.03868007659912,224.8911747932434,0.0,sparse_categorical_crossentropy,SGD_momentum_0.5,MNIST,000015,CNN,0.9636833333333333,0.13379416989882786,0.9658,0.12525348747372628
8,relu,64,27.925098657608032,252.81627345085144,0.0,sparse_categorical_crossentropy,SGD_momentum_0.5,MNIST,000015,CNN,0.96885,0.11587675587932268,0.9692,0.1105989792495966
9,relu,64,28.08324646949768,280.8995199203491,0.0,sparse_categorical_crossentropy,SGD_momentum_0.5,MNIST,000015,CNN,0.9724,0.10310389285981655,0.9718,0.09680811807364226
0,relu,64,34.714452505111694,34.714452505111694,0.0,sparse_categorical_crossentropy,SGD_momentum_0.9,MNIST,000016,CNN,0.90305,0.3371355722347895,0.9482,0.1789091816842556
1,relu,64,28.064363479614258,62.77881598472595,0.0,sparse_categorical_crossentropy,SGD_momentum_0.9,MNIST,000016,CNN,0.96335,0.13262206144332886,0.9723,0.09741898882240058
2,relu,64,28.275519609451294,91.05433559417725,0.0,sparse_categorical_crossentropy,SGD_momentum_0.9,MNIST,000016,CNN,0.9755166666666667,0.08694341876308123,0.9767,0.07540777994766831
3,relu,64,28.145556449890137,119.19989204406738,0.0,sparse_categorical_crossentropy,SGD_momentum_0.9,MNIST,000016,CNN,0.9804166666666667,0.06828442788720131,0.9786,0.07008890604823828
4,relu,64,28.018954277038574,147.21884632110596,0.0,sparse_categorical_crossentropy,SGD_momentum_0.9,MNIST,000016,CNN,0.9837166666666667,0.057547809771696726,0.9781,0.06629776505436748
5,relu,64,27.997721195220947,175.2165675163269,0.0,sparse_categorical_crossentropy,SGD_momentum_0.9,MNIST,000016,CNN,0.98525,0.0501531042193373,0.9787,0.061794517795741556
6,relu,64,28.18040704727173,203.39697456359863,0.0,sparse_categorical_crossentropy,SGD_momentum_0.9,MNIST,000016,CNN,0.9870666666666666,0.044472574612001575,0.9818,0.058421067192964256
7,relu,64,27.864888668060303,231.26186323165894,0.0,sparse_categorical_crossentropy,SGD_momentum_0.9,MNIST,000016,CNN,0.98815,0.040445522635181745,0.981,0.06219395255176351
8,relu,64,27.94755244255066,259.2094156742096,0.0,sparse_categorical_crossentropy,SGD_momentum_0.9,MNIST,000016,CNN,0.98935,0.03628618063442409,0.9804,0.06054763525193557
9,relu,64,27.820239067077637,287.02965474128723,0.0,sparse_categorical_crossentropy,SGD_momentum_0.9,MNIST,000016,CNN,0.9902833333333333,0.03314617061788837,0.9798,0.06196773459110409
0,relu,64,28.95257592201233,28.95257592201233,0.0,sparse_categorical_crossentropy,SGD_momentum_0.99,MNIST,000017,CNN,0.93185,0.27227508127391337,0.9704,0.09458167204782367
1,relu,64,27.914560317993164,56.86713624000549,0.0,sparse_categorical_crossentropy,SGD_momentum_0.99,MNIST,000017,CNN,0.9756166666666667,0.08064222104474902,0.9777,0.07413583495020866
2,relu,64,27.78493618965149,84.65207242965698,0.0,sparse_categorical_crossentropy,SGD_momentum_0.99,MNIST,000017,CNN,0.9833666666666666,0.05263368894290179,0.977,0.07775566645171493
3,relu,64,27.930111169815063,112.58218359947205,0.0,sparse_categorical_crossentropy,SGD_momentum_0.99,MNIST,000017,CNN,0.9867166666666667,0.04133000812549144,0.9782,0.07991300893388689
4,relu,64,27.96918797492981,140.55137157440186,0.0,sparse_categorical_crossentropy,SGD_momentum_0.99,MNIST,000017,CNN,0.9907666666666667,0.028401000478692973,0.9823,0.06817535508654546
5,relu,64,27.837345123291016,168.38871669769287,0.0,sparse_categorical_crossentropy,SGD_momentum_0.99,MNIST,000017,CNN,0.99375,0.018885856431194892,0.9818,0.07210420019967714
6,relu,64,27.838674545288086,196.22739124298096,0.0,sparse_categorical_crossentropy,SGD_momentum_0.99,MNIST,000017,CNN,0.9954,0.013698630750559581,0.9798,0.07978693442089425
7,relu,64,27.7950496673584,224.02244091033936,0.0,sparse_categorical_crossentropy,SGD_momentum_0.99,MNIST,000017,CNN,0.9967,0.010375869905708048,0.9805,0.08530817147799244
8,relu,64,27.856082439422607,251.87852334976196,0.0,sparse_categorical_crossentropy,SGD_momentum_0.99,MNIST,000017,CNN,0.9973333333333333,0.008201151365294937,0.9822,0.08230739683120919
9,relu,64,27.933165073394775,279.81168842315674,0.0,sparse_categorical_crossentropy,SGD_momentum_0.99,MNIST,000017,CNN,0.9988,0.004451348865181596,0.983,0.08659455080888293
0,relu,64,30.418007612228394,30.418007612228394,0.0,sparse_categorical_crossentropy,RMSprop,MNIST,000018,CNN,0.9596,0.13855807432035605,0.979,0.07043200804144144
1,relu,64,29.337797164916992,59.755804777145386,0.0,sparse_categorical_crossentropy,RMSprop,MNIST,000018,CNN,0.9821666666666666,0.061968654406939945,0.9816,0.057053573658876124
2,relu,64,29.261783599853516,89.0175883769989,0.0,sparse_categorical_crossentropy,RMSprop,MNIST,000018,CNN,0.9868,0.04653510570190847,0.9826,0.057984945352748035
3,relu,64,29.424776554107666,118.44236493110657,0.0,sparse_categorical_crossentropy,RMSprop,MNIST,000018,CNN,0.9888,0.03872524318145588,0.9827,0.05252239646809176
4,relu,64,29.268746614456177,147.71111154556274,0.0,sparse_categorical_crossentropy,RMSprop,MNIST,000018,CNN,0.99095,0.03245382869898652,0.9841,0.054454534486308694
5,relu,64,29.010679960250854,176.7217915058136,0.0,sparse_categorical_crossentropy,RMSprop,MNIST,000018,CNN,0.9920666666666667,0.028359660836712767,0.983,0.059175653738807885
6,relu,64,29.006137132644653,205.72792863845825,0.0,sparse_categorical_crossentropy,RMSprop,MNIST,000018,CNN,0.99325,0.02514407871721002,0.9825,0.0625351224545564
7,relu,64,28.97937798500061,234.70730662345886,0.0,sparse_categorical_crossentropy,RMSprop,MNIST,000018,CNN,0.99365,0.022026054069593858,0.9801,0.06994313597318251
8,relu,64,28.9745090007782,263.68181562423706,0.0,sparse_categorical_crossentropy,RMSprop,MNIST,000018,CNN,0.9945833333333334,0.019544975204302074,0.9831,0.06308951536001405
9,relu,64,28.97012186050415,292.6519374847412,0.0,sparse_categorical_crossentropy,RMSprop,MNIST,000018,CNN,0.9949166666666667,0.017825648991181515,0.9801,0.07391228590232786
0,relu,64,30.052647829055786,30.052647829055786,0.0,sparse_categorical_crossentropy,Adagrad,MNIST,000019,CNN,0.9581333333333333,0.15376197982231776,0.9788,0.06885292136222124
1,relu,64,28.931620359420776,58.98426818847656,0.0,sparse_categorical_crossentropy,Adagrad,MNIST,000019,CNN,0.9841833333333333,0.05572569081733624,0.9797,0.06157574104033411
2,relu,64,28.910298585891724,87.89456677436829,0.0,sparse_categorical_crossentropy,Adagrad,MNIST,000019,CNN,0.9885333333333334,0.04061352324138085,0.9824,0.0532030406685546
3,relu,64,28.932111740112305,116.82667851448059,0.0,sparse_categorical_crossentropy,Adagrad,MNIST,000019,CNN,0.9912333333333333,0.03203680923928817,0.9831,0.05186740054246038
4,relu,64,28.900998830795288,145.72767734527588,0.0,sparse_categorical_crossentropy,Adagrad,MNIST,000019,CNN,0.9932833333333333,0.025799978023270765,0.9835,0.05180661642532796
5,relu,64,28.79749369621277,174.52517104148865,0.0,sparse_categorical_crossentropy,Adagrad,MNIST,000019,CNN,0.99505,0.02091560041817526,0.9828,0.05294350908421911
6,relu,64,28.756924629211426,203.28209567070007,0.0,sparse_categorical_crossentropy,Adagrad,MNIST,000019,CNN,0.9963,0.016945457521577677,0.9828,0.05501973239062354
7,relu,64,28.897833108901978,232.17992877960205,0.0,sparse_categorical_crossentropy,Adagrad,MNIST,000019,CNN,0.9972333333333333,0.014144174012790124,0.9843,0.05275936120278202
8,relu,64,28.946249961853027,261.1261787414551,0.0,sparse_categorical_crossentropy,Adagrad,MNIST,000019,CNN,0.9979833333333333,0.011704643139926096,0.9844,0.05355647897492163
9,relu,64,28.817800760269165,289.94397950172424,0.0,sparse_categorical_crossentropy,Adagrad,MNIST,000019,CNN,0.9987166666666667,0.009720346485388776,0.9841,0.05454304242745275
0,relu,64,37.09572792053223,37.09572792053223,0.0,sparse_categorical_crossentropy,Adadelta,MNIST,000020,CNN,0.9476166666666667,0.1744870926991105,0.9749,0.08006611450836063
1,relu,64,31.117119789123535,68.21284770965576,0.0,sparse_categorical_crossentropy,Adadelta,MNIST,000020,CNN,0.9798666666666667,0.06840584219967326,0.9792,0.06450305620599538
2,relu,64,31.320350170135498,99.53319787979126,0.0,sparse_categorical_crossentropy,Adadelta,MNIST,000020,CNN,0.9845833333333334,0.04996450838322441,0.9809,0.05716569549310952
3,relu,64,31.25555920600891,130.78875708580017,0.0,sparse_categorical_crossentropy,Adadelta,MNIST,000020,CNN,0.9882666666666666,0.03895952494684607,0.9822,0.05613898641364649
4,relu,64,31.22023892402649,162.00899600982666,0.0,sparse_categorical_crossentropy,Adadelta,MNIST,000020,CNN,0.9909666666666667,0.030813935174047947,0.9825,0.055554742750804874
5,relu,64,30.987091064453125,192.99608707427979,0.0,sparse_categorical_crossentropy,Adadelta,MNIST,000020,CNN,0.9924166666666666,0.024249066662260642,0.9831,0.05872534232297912
6,relu,64,30.97307825088501,223.9691653251648,0.0,sparse_categorical_crossentropy,Adadelta,MNIST,000020,CNN,0.9948,0.018614605736220254,0.982,0.0624373511141981
7,relu,64,30.954471588134766,254.92363691329956,0.0,sparse_categorical_crossentropy,Adadelta,MNIST,000020,CNN,0.9961166666666667,0.013948824983509257,0.9837,0.05913690968488226
8,relu,64,30.95571255683899,285.87934947013855,0.0,sparse_categorical_crossentropy,Adadelta,MNIST,000020,CNN,0.9970666666666667,0.010948467253404669,0.9826,0.06578925852843677
9,relu,64,30.861587285995483,316.74093675613403,0.0,sparse_categorical_crossentropy,Adadelta,MNIST,000020,CNN,0.9975833333333334,0.008492726764220667,0.9826,0.07049397583614336
0,relu,32,45.520718812942505,45.520718812942505,0.0,sparse_categorical_crossentropy,Adam,MNIST,000021,CNN,0.9644666666666667,0.11902864265845467,0.979,0.06118759381407872
1,relu,32,44.211549520492554,89.73226833343506,0.0,sparse_categorical_crossentropy,Adam,MNIST,000021,CNN,0.9861166666666666,0.04560373180739892,0.9787,0.06762497869045474
2,relu,32,44.30996584892273,134.0422341823578,0.0,sparse_categorical_crossentropy,Adam,MNIST,000021,CNN,0.9912666666666666,0.028824998295182983,0.9817,0.06044404353505233
3,relu,32,44.293015241622925,178.3352494239807,0.0,sparse_categorical_crossentropy,Adam,MNIST,000021,CNN,0.9945,0.018058403792674652,0.9806,0.06838867505431408
4,relu,32,44.232009410858154,222.56725883483887,0.0,sparse_categorical_crossentropy,Adam,MNIST,000021,CNN,0.9963666666666666,0.011602923676598827,0.9807,0.07867250397292118
5,relu,32,44.27198791503906,266.83924674987793,0.0,sparse_categorical_crossentropy,Adam,MNIST,000021,CNN,0.9971666666666666,0.0088238456462784,0.9817,0.08100840256681877
6,relu,32,44.294424533843994,311.1336712837219,0.0,sparse_categorical_crossentropy,Adam,MNIST,000021,CNN,0.9981166666666667,0.006436716902628541,0.9802,0.09089740053956884
7,relu,32,44.1812219619751,355.314893245697,0.0,sparse_categorical_crossentropy,Adam,MNIST,000021,CNN,0.99845,0.004956141861639117,0.9814,0.09717930258848355
8,relu,32,48.78638219833374,404.10127544403076,0.0,sparse_categorical_crossentropy,Adam,MNIST,000021,CNN,0.9986666666666667,0.004345778363891259,0.9821,0.10508891147374161
9,relu,32,44.917628049850464,449.0189034938812,0.0,sparse_categorical_crossentropy,Adam,MNIST,000021,CNN,0.9987166666666667,0.0038101602768244145,0.9822,0.10480598610793058
0,relu,128,25.070733547210693,25.070733547210693,0.0,sparse_categorical_crossentropy,Adam,MNIST,000022,CNN,0.9619833333333333,0.1266055657416582,0.9763,0.06994792314358056
1,relu,128,23.611647129058838,48.68238067626953,0.0,sparse_categorical_crossentropy,Adam,MNIST,000022,CNN,0.9873,0.04142814991871516,0.9834,0.05805124118532985
2,relu,128,23.414108514785767,72.0964891910553,0.0,sparse_categorical_crossentropy,Adam,MNIST,000022,CNN,0.9932,0.023728608742480478,0.9816,0.0603211565569276
3,relu,128,23.49845862388611,95.5949478149414,0.0,sparse_categorical_crossentropy,Adam,MNIST,000022,CNN,0.9962666666666666,0.013250694859276215,0.9831,0.06413057943769963
4,relu,128,23.47275948524475,119.06770730018616,0.0,sparse_categorical_crossentropy,Adam,MNIST,000022,CNN,0.99775,0.008738461930553118,0.9814,0.06970591676267796
5,relu,128,23.478495597839355,142.5462028980255,0.0,sparse_categorical_crossentropy,Adam,MNIST,000022,CNN,0.9985,0.006028947631580134,0.9829,0.072599553580863
6,relu,128,23.43022060394287,165.97642350196838,0.0,sparse_categorical_crossentropy,Adam,MNIST,000022,CNN,0.9991666666348775,0.004146168504158656,0.9823,0.0746786810017482
7,relu,128,23.411067485809326,189.3874909877777,0.0,sparse_categorical_crossentropy,Adam,MNIST,000022,CNN,0.99935,0.002965000930269404,0.9829,0.08046091637671343
8,relu,128,23.443005084991455,212.83049607276917,0.0,sparse_categorical_crossentropy,Adam,MNIST,000022,CNN,0.9997333333333334,0.0018601707433272773,0.9823,0.0837908670927005
9,relu,128,23.311976432800293,236.14247250556946,0.0,sparse_categorical_crossentropy,Adam,MNIST,000022,CNN,0.9994333333333333,0.0024430139363277705,0.9814,0.08584995792851333
0,relu,256,21.961155652999878,21.961155652999878,0.0,sparse_categorical_crossentropy,Adam,MNIST,000023,CNN,0.9550666666666666,0.14651907305220763,0.9812,0.059118994170986115
1,relu,256,20.44400691986084,42.40516257286072,0.0,sparse_categorical_crossentropy,Adam,MNIST,000023,CNN,0.9875833333333334,0.04134898623923461,0.9822,0.05586068657366559
2,relu,256,20.288716077804565,62.69387865066528,0.0,sparse_categorical_crossentropy,Adam,MNIST,000023,CNN,0.9930666666666667,0.02403264714529117,0.9815,0.06201284216940403
3,relu,256,20.341291666030884,83.03517031669617,0.0,sparse_categorical_crossentropy,Adam,MNIST,000023,CNN,0.9956666666348776,0.015396310139695803,0.9833,0.05636305851531215
4,relu,256,20.40117835998535,103.43634867668152,0.0,sparse_categorical_crossentropy,Adam,MNIST,000023,CNN,0.9980666666666667,0.008816072314729292,0.9844,0.06055968702657847
5,relu,256,20.25009250640869,123.68644118309021,0.0,sparse_categorical_crossentropy,Adam,MNIST,000023,CNN,0.9991166666348775,0.005534318099170923,0.9832,0.06487030749783734
6,relu,256,20.180038690567017,143.86647987365723,0.0,sparse_categorical_crossentropy,Adam,MNIST,000023,CNN,0.9994666666666666,0.0036721453408710657,0.9834,0.07032665745319683
7,relu,256,20.31396770477295,164.18044757843018,0.0,sparse_categorical_crossentropy,Adam,MNIST,000023,CNN,0.9996333333333334,0.002540470651909709,0.9831,0.0740495568587612
8,relu,256,20.215554237365723,184.3960018157959,0.0,sparse_categorical_crossentropy,Adam,MNIST,000023,CNN,0.9997333333015442,0.0018051069725304842,0.9834,0.07519294614550599
9,relu,256,20.208513736724854,204.60451555252075,0.0,sparse_categorical_crossentropy,Adam,MNIST,000023,CNN,0.9998,0.0014962716571365793,0.9832,0.07737112934507749
0,relu,64,33.75187540054321,33.75187540054321,0.0,sparse_categorical_crossentropy,Nadam,MNIST,000024,CNN,0.9602,0.1328281721929709,0.9762,0.07472049837224186
1,relu,64,35.24872541427612,69.00060081481934,0.0,sparse_categorical_crossentropy,Nadam,MNIST,000024,CNN,0.9843,0.0489009351970007,0.9808,0.06658551436299458
2,relu,64,32.05360984802246,101.0542106628418,0.0,sparse_categorical_crossentropy,Nadam,MNIST,000024,CNN,0.9915333333333334,0.026588506821977595,0.9781,0.08317332663473208
3,relu,64,32.050190925598145,133.10440158843994,0.0,sparse_categorical_crossentropy,Nadam,MNIST,000024,CNN,0.9944333333333333,0.016538117590344823,0.979,0.07517555930130183
4,relu,64,31.923996925354004,165.02839851379395,0.0,sparse_categorical_crossentropy,Nadam,MNIST,000024,CNN,0.9955666666666667,0.013284612266736804,0.9789,0.08611153314624098
5,relu,64,31.97938871383667,197.00778722763062,0.0,sparse_categorical_crossentropy,Nadam,MNIST,000024,CNN,0.9971666666666666,0.008972347977672082,0.9795,0.10255034612456511
6,relu,64,31.875068426132202,228.88285565376282,0.0,sparse_categorical_crossentropy,Nadam,MNIST,000024,CNN,0.9976333333333334,0.007621108609433577,0.9783,0.1050306797891506
7,relu,64,31.95421028137207,260.8370659351349,0.0,sparse_categorical_crossentropy,Nadam,MNIST,000024,CNN,0.9967333333333334,0.00915374548471979,0.9807,0.0977852523314119
8,relu,64,31.90502142906189,292.7420873641968,0.0,sparse_categorical_crossentropy,Nadam,MNIST,000024,CNN,0.9983166666666666,0.005107213799577827,0.9802,0.11373921740042132
9,relu,64,32.00957727432251,324.7516646385193,0.0,sparse_categorical_crossentropy,Nadam,MNIST,000024,CNN,0.99805,0.0061049170733453745,0.9779,0.12813148993211654
0,relu,64,30.17714524269104,30.17714524269104,0.0,sparse_categorical_crossentropy,SGD_nesterov_momentum_0.9,MNIST,000025,CNN,0.9049666666666667,0.33370518396695453,0.9532,0.17659255705475807
1,relu,64,28.822640895843506,58.999786138534546,0.0,sparse_categorical_crossentropy,SGD_nesterov_momentum_0.9,MNIST,000025,CNN,0.9608333333333333,0.1381989825695753,0.9718,0.09567949253767728
2,relu,64,28.58999228477478,87.58977842330933,0.0,sparse_categorical_crossentropy,SGD_nesterov_momentum_0.9,MNIST,000025,CNN,0.9750666666666666,0.08724608130355677,0.9781,0.07274731809571386
3,relu,64,28.655577182769775,116.2453556060791,0.0,sparse_categorical_crossentropy,SGD_nesterov_momentum_0.9,MNIST,000025,CNN,0.9808166666666667,0.06849157056609789,0.9791,0.0651107291072607
4,relu,64,28.58585524559021,144.8312108516693,0.0,sparse_categorical_crossentropy,SGD_nesterov_momentum_0.9,MNIST,000025,CNN,0.9837333333333333,0.057709373182058335,0.9794,0.06286501924935728
5,relu,64,28.65148091316223,173.48269176483154,0.0,sparse_categorical_crossentropy,SGD_nesterov_momentum_0.9,MNIST,000025,CNN,0.9853833333333334,0.0501869777277112,0.9797,0.06223414092995226
6,relu,64,28.504775762557983,201.98746752738953,0.0,sparse_categorical_crossentropy,SGD_nesterov_momentum_0.9,MNIST,000025,CNN,0.98675,0.0447215270328025,0.9797,0.06325135035980493
7,relu,64,28.536479711532593,230.52394723892212,0.0,sparse_categorical_crossentropy,SGD_nesterov_momentum_0.9,MNIST,000025,CNN,0.9878833333333333,0.040139486643423636,0.9807,0.06052223406871781
8,relu,64,28.624107360839844,259.14805459976196,0.0,sparse_categorical_crossentropy,SGD_nesterov_momentum_0.9,MNIST,000025,CNN,0.9894833333333334,0.03608872621282935,0.9831,0.05832009810544551
9,relu,64,28.502926111221313,287.6509807109833,0.0,sparse_categorical_crossentropy,SGD_nesterov_momentum_0.9,MNIST,000025,CNN,0.9902166666666666,0.03328420982398093,0.98,0.06501793024758808
0,relu,64,30.315073013305664,30.315073013305664,0.0,sparse_categorical_crossentropy,SGD_nesterov_momentum_0.9_decay_1e-6,MNIST,000026,CNN,0.9047666666666667,0.3328081660032272,0.9513,0.18028029650449753
1,relu,64,28.612311124801636,58.9273841381073,0.0,sparse_categorical_crossentropy,SGD_nesterov_momentum_0.9_decay_1e-6,MNIST,000026,CNN,0.9613666666666667,0.13834376774628956,0.9705,0.10212205677181482
2,relu,64,28.678855895996094,87.6062400341034,0.0,sparse_categorical_crossentropy,SGD_nesterov_momentum_0.9_decay_1e-6,MNIST,000026,CNN,0.9750333333333333,0.08854428463379542,0.9758,0.08226044241413474
3,relu,64,28.595397472381592,116.20163750648499,0.0,sparse_categorical_crossentropy,SGD_nesterov_momentum_0.9_decay_1e-6,MNIST,000026,CNN,0.9799666666666667,0.06910861321737369,0.9798,0.06626129296608269
4,relu,64,28.312609910964966,144.51424741744995,0.0,sparse_categorical_crossentropy,SGD_nesterov_momentum_0.9_decay_1e-6,MNIST,000026,CNN,0.9832333333333333,0.057882229013492666,0.9788,0.06590304130613804
5,relu,64,28.28551959991455,172.7997670173645,0.0,sparse_categorical_crossentropy,SGD_nesterov_momentum_0.9_decay_1e-6,MNIST,000026,CNN,0.9850833333333333,0.05042443158825238,0.9796,0.062409300003573295
6,relu,64,28.28614068031311,201.0859076976776,0.0,sparse_categorical_crossentropy,SGD_nesterov_momentum_0.9_decay_1e-6,MNIST,000026,CNN,0.9870833333333333,0.04514830539152026,0.979,0.06379723387453705
7,relu,64,28.346741914749146,229.43264961242676,0.0,sparse_categorical_crossentropy,SGD_nesterov_momentum_0.9_decay_1e-6,MNIST,000026,CNN,0.988,0.04022264413585266,0.9807,0.058841790428943934
8,relu,64,28.316582202911377,257.74923181533813,0.0,sparse_categorical_crossentropy,SGD_nesterov_momentum_0.9_decay_1e-6,MNIST,000026,CNN,0.9895333333333334,0.03610366193018854,0.9802,0.06264833851270378
9,relu,64,28.378337144851685,286.1275689601898,0.0,sparse_categorical_crossentropy,SGD_nesterov_momentum_0.9_decay_1e-6,MNIST,000026,CNN,0.9900333333333333,0.03332092248474558,0.9813,0.05833883428564295
